Category,Keyword,Count
来源类型,期刊论文,5
来源类型,会议论文,7
主题,微生物群落,1
主题,数据分析,1
主题,方法学,1
主题,基本问题,1
主题,数据的处理,1
主题,生物信息学,1
主题,基因组测序,1
主题,宏基因组学,1
主题,单细胞,1
主题,差异表达分析,1
主题,数据,1
主题,生物数据,1
主题,机器学习,1
主题,数据分析方法,1
主题,大数据,1
主题,生物学研究,1
主题,DNA测序,1
主题,学技术,1
主题,快速发,1
主题,系统的观点,1
主题,数字化建模,1
主题,生命系统,1
主题,深度学习,1
主题,机器学习,1
主题,卷积神经网络,1
主题,循环神经网络,1
主题,多层感知器,1
主题,自编码机,1
主题,学习算法,1
主题,机器学习理论,1
主题,生物大数据,1
主题,基因组学,1
主题,生物信息学,1
主题,系统生物学,1
主题,组学,1
主题,微生物多样性,1
主题,16S rRNA,1
主题,新一代测序技术,1
主题,选择策略,1
主题,基因芯片,1
主题,单细胞,1
主题,基因表达差异,1
主题,时空异质性,1
主题,生物标志物,1
主题,最新发展,1
主题,检验技术,1
主题,疾病,1
主题,Significance,1
主题,The,1
主题,Problems,1
主题,Single-cell,1
主题,RNA-Seq,1
主题,differential expression,1
主题,Metagenome sequencing,1
主题,Uneven Genome Coverage,1
主题,Mixture Model,1
年份,2022,1
年份,2019,1
年份,2018,1
年份,2017,2
年份,2016,4
年份,2015,2
年份,2014,1
